{
  "created_at": "2025-11-12T05:36:41.720403",
  "backup_name": "AUTO_VOR_DB_LOESCHEN_20251112_053641",
  "files": [
    "config.json",
    "kunden.csv",
    "vehicles.csv",
    "werkstatt_index.db",
    "patterns.json"
  ],
  "config_snapshot": {
    "root_dir": "/Users/shp-art/Documents/WerkstattArchiv_Test/Daten",
    "input_dir": "/Users/shp-art/Documents/WerkstattArchiv_Test/Eingang",
    "unclear_dir": "/Users/shp-art/Documents/WerkstattArchiv_Test/Unklar",
    "duplicates_dir": "/Users/shp-art/Documents/WerkstattArchiv_Test/Duplikate",
    "customers_file": "/Users/shp-art/Documents/WerkstattArchiv_Test/config/kunden.csv",
    "tesseract_path": null
  }
}