{
  "kunden_nr": "(?:Kunden[- ]?Nr\\.?|Kundennummer|Kunde)[:\\s]*(\\d{5,6})",
  "auftrag_nr": "(?:Auftrags[- ]?Nr\\.?|Auftragsnummer|Auftrag)[:\\s]*(\\d{5,7})",
  "datum": "(?:Datum|vom|am)[:\\s]*(\\d{1,2}[./]\\d{1,2}[./]\\d{2,4})",
  "fin": "\\b([A-HJ-NPR-Z0-9]{17})\\b",
  "kennzeichen": "\\b([A-ZÄÖÜ]{1,3}[-\\s]?[A-ZÄÖÜ]{1,2}[-\\s]?\\d{1,4}[EH]?)\\b",
  "kunden_name": "(?:Kunde|Name|Auftraggeber)[:\\s]+([A-ZÄÖÜ][a-zäöüß]+(?:\\s+[A-ZÄÖÜ][a-zäöüß]+)*)",
  "plz": "\\b(\\d{5})\\b",
  "strasse": "([A-ZÄÖÜ][a-zäöüß]+(?:straße|str\\.|weg|platz|allee))\\s+(\\d+[a-z]?)",
  "rechnung": "Rechnung",
  "kva": "(?:Kostenvoranschlag|KVA)",
  "auftrag": "Auftrag",
  "hu": "(?:HU|Hauptuntersuchung)",
  "garantie": "Garantie"
}